{"returncode":0,"message":"成功","result":{"factoryitems":[{"id":58,"name":"上汽大众","firstletter":"S","seriesitems":[{"id":145,"name":"POLO","firstletter":"P","seriesstate":20,"seriesorder":786},{"id":2922,"name":"桑塔纳","firstletter":"S","seriesstate":20,"seriesorder":787},{"id":3103,"name":"朗行","firstletter":"L","seriesstate":20,"seriesorder":788},{"id":614,"name":"朗逸","firstletter":"L","seriesstate":20,"seriesorder":789},{"id":3197,"name":"朗境","firstletter":"L","seriesstate":20,"seriesorder":790},{"id":3457,"name":"凌渡","firstletter":"L","seriesstate":20,"seriesorder":791},{"id":528,"name":"帕萨特","firstletter":"P","seriesstate":20,"seriesorder":792},{"id":4045,"name":"辉昂","firstletter":"H","seriesstate":20,"seriesorder":793},{"id":874,"name":"途观","firstletter":"T","seriesstate":20,"seriesorder":794},{"id":4274,"name":"途观L","firstletter":"T","seriesstate":20,"seriesorder":795},{"id":4232,"name":"途昂","firstletter":"T","seriesstate":20,"seriesorder":796},{"id":333,"name":"途安","firstletter":"T","seriesstate":20,"seriesorder":797},{"id":144,"name":"高尔","firstletter":"G","seriesstate":40,"seriesorder":799},{"id":826,"name":"Passat领驭","firstletter":"P","seriesstate":40,"seriesorder":800},{"id":149,"name":"桑塔纳经典","firstletter":"S","seriesstate":40,"seriesorder":801},{"id":207,"name":"桑塔纳志俊","firstletter":"S","seriesstate":40,"seriesorder":802}]},{"id":8,"name":"一汽-大众","firstletter":"Y","seriesitems":[{"id":16,"name":"捷达","firstletter":"J","seriesstate":20,"seriesorder":803},{"id":633,"name":"宝来","firstletter":"B","seriesstate":20,"seriesorder":804},{"id":871,"name":"高尔夫","firstletter":"G","seriesstate":20,"seriesorder":805},{"id":442,"name":"速腾","firstletter":"S","seriesstate":20,"seriesorder":806},{"id":3964,"name":"高尔夫·嘉旅","firstletter":"G","seriesstate":20,"seriesorder":807},{"id":4204,"name":"蔚领","firstletter":"W","seriesstate":20,"seriesorder":808},{"id":496,"name":"迈腾","firstletter":"M","seriesstate":20,"seriesorder":809},{"id":905,"name":"一汽-大众CC","firstletter":"Y","seriesstate":20,"seriesorder":810},{"id":15,"name":"宝来/宝来经典","firstletter":"B","seriesstate":40,"seriesorder":811},{"id":360,"name":"开迪","firstletter":"K","seriesstate":40,"seriesorder":812}]},{"id":50,"name":"大众(进口)","firstletter":"D","seriesitems":[{"id":210,"name":"甲壳虫","firstletter":"J","seriesstate":20,"seriesorder":813},{"id":372,"name":"高尔夫(进口)","firstletter":"G","seriesstate":20,"seriesorder":814},{"id":4355,"name":"高尔夫新能源(进口)","firstletter":"G","seriesstate":20,"seriesorder":815},{"id":3999,"name":"蔚揽","firstletter":"W","seriesstate":20,"seriesorder":816},{"id":557,"name":"Tiguan","firstletter":"T","seriesstate":20,"seriesorder":817},{"id":82,"name":"途锐","firstletter":"T","seriesstate":20,"seriesorder":818},{"id":86,"name":"夏朗","firstletter":"X","seriesstate":20,"seriesorder":819},{"id":631,"name":"�跆赝�","firstletter":"M","seriesstate":20,"seriesorder":820},{"id":3416,"name":"凯路威","firstletter":"K","seriesstate":20,"seriesorder":821},{"id":669,"name":"尚酷","firstletter":"S","seriesstate":20,"seriesorder":822},{"id":224,"name":"辉腾","firstletter":"H","seriesstate":30,"seriesorder":823},{"id":780,"name":"大众up!","firstletter":"D","seriesstate":0,"seriesorder":825},{"id":368,"name":"Passat","firstletter":"P","seriesstate":0,"seriesorder":834},{"id":700,"name":"大众CC","firstletter":"D","seriesstate":0,"seriesorder":836},{"id":430,"name":"大众Eos","firstletter":"D","seriesstate":0,"seriesorder":857},{"id":4330,"name":"大众e-up!","firstletter":"D","seriesstate":40,"seriesorder":864},{"id":539,"name":"迈腾(进口)","firstletter":"M","seriesstate":40,"seriesorder":867}]}]}}