{"returncode":0,"message":"成功","result":{"factoryitems":[{"id":375,"name":"东风雷诺","firstletter":"D","seriesitems":[{"id":4098,"name":"科雷傲","firstletter":"K","seriesstate":20,"seriesorder":1878},{"id":3870,"name":"科雷嘉","firstletter":"K","seriesstate":20,"seriesorder":1879}]},{"id":89,"name":"雷诺(进口)","firstletter":"L","seriesitems":[{"id":908,"name":"风朗","firstletter":"F","seriesstate":20,"seriesorder":1880},{"id":2268,"name":"卡缤","firstletter":"K","seriesstate":20,"seriesorder":1881},{"id":2029,"name":"Espace","firstletter":"E","seriesstate":20,"seriesorder":1882},{"id":196,"name":"梅甘娜","firstletter":"M","seriesstate":30,"seriesorder":1883},{"id":2765,"name":"塔利斯曼","firstletter":"T","seriesstate":0,"seriesorder":1897},{"id":686,"name":"科雷傲(进口)","firstletter":"K","seriesstate":0,"seriesorder":1900},{"id":199,"name":"风景","firstletter":"F","seriesstate":0,"seriesorder":1908},{"id":188,"name":"拉古那","firstletter":"L","seriesstate":40,"seriesorder":1921},{"id":2184,"name":"纬度","firstletter":"W","seriesstate":40,"seriesorder":1922},{"id":257,"name":"威赛帝","firstletter":"W","seriesstate":40,"seriesorder":1923}]}]}}