{"returncode":0,"message":"成功","result":{"factoryitems":[{"id":208,"name":"开瑞汽车","firstletter":"K","seriesitems":[{"id":4039,"name":"开瑞K60","firstletter":"K","seriesstate":20,"seriesorder":1705},{"id":3384,"name":"开瑞K50","firstletter":"K","seriesstate":20,"seriesorder":1706},{"id":2476,"name":"优优","firstletter":"Y","seriesstate":20,"seriesorder":1707},{"id":3017,"name":"优优2代","firstletter":"Y","seriesstate":20,"seriesorder":1708},{"id":2496,"name":"优劲","firstletter":"Y","seriesstate":20,"seriesorder":1709},{"id":517,"name":"优翼","firstletter":"Y","seriesstate":40,"seriesorder":1713},{"id":2489,"name":"优派","firstletter":"Y","seriesstate":40,"seriesorder":1714},{"id":2492,"name":"优胜","firstletter":"Y","seriesstate":40,"seriesorder":1715},{"id":2493,"name":"优胜2代","firstletter":"Y","seriesstate":40,"seriesorder":1716},{"id":2484,"name":"优雅","firstletter":"Y","seriesstate":40,"seriesorder":1717},{"id":3156,"name":"优雅2代","firstletter":"Y","seriesstate":40,"seriesorder":1718},{"id":3854,"name":"杰虎","firstletter":"J","seriesstate":40,"seriesorder":1719}]}]}}