{"returncode":0,"message":"成功","result":{"factoryitems":[{"id":210,"name":"东风乘用车","firstletter":"D","seriesitems":[{"id":3119,"name":"东风风神E30","firstletter":"D","seriesstate":20,"seriesorder":919},{"id":2556,"name":"东风风神A60","firstletter":"D","seriesstate":20,"seriesorder":920},{"id":3493,"name":"东风风神A30","firstletter":"D","seriesstate":20,"seriesorder":921},{"id":4421,"name":"东风风神E70","firstletter":"D","seriesstate":20,"seriesorder":922},{"id":3461,"name":"东风风神L60","firstletter":"D","seriesstate":20,"seriesorder":923},{"id":3463,"name":"东风A9","firstletter":"D","seriesstate":20,"seriesorder":924},{"id":3786,"name":"东风风神AX3","firstletter":"D","seriesstate":20,"seriesorder":925},{"id":4383,"name":"东风风神AX4","firstletter":"D","seriesstate":20,"seriesorder":926},{"id":4097,"name":"东风风神AX5","firstletter":"D","seriesstate":20,"seriesorder":927},{"id":3341,"name":"东风风神AX7","firstletter":"D","seriesstate":20,"seriesorder":928},{"id":1006,"name":"东风风神H30","firstletter":"D","seriesstate":40,"seriesorder":932},{"id":790,"name":"东风风神S30","firstletter":"D","seriesstate":40,"seriesorder":933}]}]}}