{"returncode":0,"message":"成功","result":{"factoryitems":[{"id":306,"name":"Lorinser","firstletter":"L","seriesitems":[{"id":2102,"name":"Lorinser S级","firstletter":"L","seriesstate":40,"seriesorder":1797},{"id":2103,"name":"Lorinser M级","firstletter":"L","seriesstate":40,"seriesorder":1800}]},{"id":472,"name":"罗伦士","firstletter":"L","seriesitems":[{"id":4600,"name":"Lorinser GS500","firstletter":"L","seriesstate":20,"seriesorder":1801},{"id":4464,"name":"Lorinser VS550","firstletter":"L","seriesstate":20,"seriesorder":1802},{"id":4379,"name":"Metris MS500","firstletter":"M","seriesstate":20,"seriesorder":1803},{"id":4378,"name":"Sprinter LS500","firstletter":"S","seriesstate":20,"seriesorder":1804}]}]}}