{"returncode":0,"message":"成功","result":{"factoryitems":[{"id":467,"name":"东风启辰","firstletter":"D","seriesitems":[{"id":2955,"name":"晨风","firstletter":"C","seriesstate":20,"seriesorder":2323},{"id":2341,"name":"启辰D50","firstletter":"Q","seriesstate":20,"seriesorder":2324},{"id":4490,"name":"启辰D60","firstletter":"Q","seriesstate":20,"seriesorder":2325},{"id":2867,"name":"启辰R50","firstletter":"Q","seriesstate":20,"seriesorder":2326},{"id":3226,"name":"启辰R50X","firstletter":"Q","seriesstate":20,"seriesorder":2327},{"id":3618,"name":"启辰T70","firstletter":"Q","seriesstate":20,"seriesorder":2328},{"id":3904,"name":"启辰T70X","firstletter":"Q","seriesstate":20,"seriesorder":2329},{"id":4115,"name":"启辰T90","firstletter":"Q","seriesstate":20,"seriesorder":2330},{"id":4315,"name":"启辰M50V","firstletter":"Q","seriesstate":20,"seriesorder":2331},{"id":3475,"name":"启辰R30","firstletter":"Q","seriesstate":30,"seriesorder":2332}]}]}}