{"returncode":0,"message":"成功","result":{"factoryitems":[{"id":38,"name":"东风标致","firstletter":"D","seriesitems":[{"id":3068,"name":"标致301","firstletter":"B","seriesstate":20,"seriesorder":531},{"id":877,"name":"标致308","firstletter":"B","seriesstate":20,"seriesorder":532},{"id":3632,"name":"标致308S","firstletter":"B","seriesstate":20,"seriesorder":533},{"id":987,"name":"标致408","firstletter":"B","seriesstate":20,"seriesorder":534},{"id":2299,"name":"标致508","firstletter":"B","seriesstate":20,"seriesorder":535},{"id":3234,"name":"标致2008","firstletter":"B","seriesstate":20,"seriesorder":536},{"id":2619,"name":"标致3008","firstletter":"B","seriesstate":20,"seriesorder":537},{"id":4167,"name":"标致4008","firstletter":"B","seriesstate":20,"seriesorder":538},{"id":4271,"name":"标致5008","firstletter":"B","seriesstate":20,"seriesorder":539},{"id":437,"name":"标致206","firstletter":"B","seriesstate":40,"seriesorder":540},{"id":688,"name":"标致207","firstletter":"B","seriesstate":40,"seriesorder":541},{"id":99,"name":"标致307","firstletter":"B","seriesstate":40,"seriesorder":542}]},{"id":88,"name":"标致(进口)","firstletter":"B","seriesitems":[{"id":689,"name":"标致308(进口)","firstletter":"B","seriesstate":0,"seriesorder":550},{"id":724,"name":"标致3008(进口)","firstletter":"B","seriesstate":0,"seriesorder":558},{"id":2047,"name":"标致RCZ","firstletter":"B","seriesstate":0,"seriesorder":567},{"id":184,"name":"标致206(进口)","firstletter":"B","seriesstate":40,"seriesorder":572},{"id":640,"name":"标致207(进口)","firstletter":"B","seriesstate":40,"seriesorder":573},{"id":277,"name":"标致307(进口)","firstletter":"B","seriesstate":40,"seriesorder":574},{"id":185,"name":"标致407","firstletter":"B","seriesstate":40,"seriesorder":576},{"id":186,"name":"标致607","firstletter":"B","seriesstate":40,"seriesorder":577},{"id":2472,"name":"标致4008(进口)","firstletter":"B","seriesstate":40,"seriesorder":580}]}]}}