{"returncode":0,"message":"成功","result":{"factoryitems":[{"id":326,"name":"巴博斯","firstletter":"B","seriesitems":[{"id":4261,"name":"巴博斯 smart forfour","firstletter":"B","seriesstate":20,"seriesorder":146},{"id":2683,"name":"巴博斯 smart fortwo","firstletter":"B","seriesstate":20,"seriesorder":147},{"id":2446,"name":"巴博斯 SLK级","firstletter":"B","seriesstate":20,"seriesorder":148},{"id":2447,"name":"巴博斯 CLS级","firstletter":"B","seriesstate":0,"seriesorder":152},{"id":2444,"name":"巴博斯 S级","firstletter":"B","seriesstate":0,"seriesorder":154},{"id":2575,"name":"巴博斯 M级","firstletter":"B","seriesstate":0,"seriesorder":157}]}]}}