{"returncode":0,"message":"成功","result":{"factoryitems":[{"id":29,"name":"华晨宝马","firstletter":"H","seriesitems":[{"id":4171,"name":"宝马1系","firstletter":"B","seriesstate":20,"seriesorder":175},{"id":3941,"name":"宝马2系旅行车","firstletter":"B","seriesstate":20,"seriesorder":176},{"id":66,"name":"宝马3系","firstletter":"B","seriesstate":20,"seriesorder":177},{"id":65,"name":"宝马5系","firstletter":"B","seriesstate":20,"seriesorder":178},{"id":4350,"name":"宝马5系新能源","firstletter":"B","seriesstate":20,"seriesorder":179},{"id":2561,"name":"宝马X1","firstletter":"B","seriesstate":20,"seriesorder":180},{"id":4356,"name":"宝马X1新能源","firstletter":"B","seriesstate":20,"seriesorder":181}]},{"id":80,"name":"宝马(进口)","firstletter":"B","seriesitems":[{"id":2388,"name":"宝马i3","firstletter":"B","seriesstate":20,"seriesorder":182},{"id":373,"name":"宝马1系(进口)","firstletter":"B","seriesstate":20,"seriesorder":183},{"id":317,"name":"宝马3系(进口)","firstletter":"B","seriesstate":20,"seriesorder":184},{"id":2963,"name":"宝马3系GT","firstletter":"B","seriesstate":20,"seriesorder":185},{"id":2968,"name":"宝马4系","firstletter":"B","seriesstate":20,"seriesorder":186},{"id":202,"name":"宝马5系(进口)","firstletter":"B","seriesstate":20,"seriesorder":187},{"id":2847,"name":"宝马5系GT","firstletter":"B","seriesstate":20,"seriesorder":188},{"id":270,"name":"宝马6系","firstletter":"B","seriesstate":20,"seriesorder":189},{"id":4472,"name":"宝马6系GT","firstletter":"B","seriesstate":20,"seriesorder":190},{"id":153,"name":"宝马7系","firstletter":"B","seriesstate":20,"seriesorder":191},{"id":4345,"name":"宝马7系新能源","firstletter":"B","seriesstate":20,"seriesorder":192},{"id":271,"name":"宝马X3","firstletter":"B","seriesstate":20,"seriesorder":193},{"id":3053,"name":"宝马X4","firstletter":"B","seriesstate":20,"seriesorder":194},{"id":159,"name":"宝马X5","firstletter":"B","seriesstate":20,"seriesorder":195},{"id":4348,"name":"宝马X5新能源","firstletter":"B","seriesstate":20,"seriesorder":196},{"id":587,"name":"宝马X6","firstletter":"B","seriesstate":20,"seriesorder":197},{"id":3726,"name":"宝马2系多功能旅行车","firstletter":"B","seriesstate":20,"seriesorder":198},{"id":3230,"name":"宝马2系","firstletter":"B","seriesstate":20,"seriesorder":199},{"id":2387,"name":"宝马i8","firstletter":"B","seriesstate":20,"seriesorder":200},{"id":161,"name":"宝马Z4","firstletter":"B","seriesstate":20,"seriesorder":201},{"id":3302,"name":"宝马2系旅行车(进口)","firstletter":"B","seriesstate":0,"seriesorder":204},{"id":675,"name":"宝马X1(进口)","firstletter":"B","seriesstate":0,"seriesorder":207}]},{"id":345,"name":"宝马M","firstletter":"B","seriesitems":[{"id":2196,"name":"宝马M3","firstletter":"B","seriesstate":20,"seriesorder":225},{"id":3189,"name":"宝马M4","firstletter":"B","seriesstate":20,"seriesorder":226},{"id":2726,"name":"宝马M5","firstletter":"B","seriesstate":20,"seriesorder":227},{"id":2727,"name":"宝马M6","firstletter":"B","seriesstate":20,"seriesorder":228},{"id":2728,"name":"宝马X5 M","firstletter":"B","seriesstate":20,"seriesorder":229},{"id":2729,"name":"宝马X6 M","firstletter":"B","seriesstate":20,"seriesorder":230},{"id":3357,"name":"宝马M2","firstletter":"B","seriesstate":20,"seriesorder":231},{"id":2725,"name":"宝马1系M","firstletter":"B","seriesstate":40,"seriesorder":233}]}]}}