{"returncode":0,"message":"成功","result":{"factoryitems":[{"id":334,"name":"苏州金龙","firstletter":"S","seriesitems":[{"id":4131,"name":"海格H4E","firstletter":"H","seriesstate":20,"seriesorder":1373},{"id":2572,"name":"海格H5C","firstletter":"H","seriesstate":20,"seriesorder":1374},{"id":3243,"name":"海格H5V","firstletter":"H","seriesstate":20,"seriesorder":1375},{"id":3636,"name":"海格H6C","firstletter":"H","seriesstate":20,"seriesorder":1376},{"id":3638,"name":"海格H6V","firstletter":"H","seriesstate":20,"seriesorder":1377},{"id":3235,"name":"海格H7V","firstletter":"H","seriesstate":20,"seriesorder":1378},{"id":3149,"name":"龙威","firstletter":"L","seriesstate":20,"seriesorder":1379},{"id":2673,"name":"御骏","firstletter":"Y","seriesstate":20,"seriesorder":1380}]}]}}