{"returncode":0,"message":"成功","result":{"factoryitems":[{"id":335,"name":"九龙汽车","firstletter":"J","seriesitems":[{"id":3320,"name":"艾菲","firstletter":"A","seriesstate":20,"seriesorder":1676},{"id":3628,"name":"九龙A4","firstletter":"J","seriesstate":20,"seriesorder":1677},{"id":2573,"name":"九龙A5","firstletter":"J","seriesstate":20,"seriesorder":1678},{"id":2576,"name":"九龙A6","firstletter":"J","seriesstate":20,"seriesorder":1679},{"id":3194,"name":"考斯特","firstletter":"K","seriesstate":20,"seriesorder":1680},{"id":2582,"name":"大MPV","firstletter":"D","seriesstate":40,"seriesorder":1681}]}]}}