{"returncode":0,"message":"成功","result":{"factoryitems":[{"id":185,"name":"北京汽车制造厂","firstletter":"B","seriesitems":[{"id":965,"name":"战旗","firstletter":"Z","seriesstate":20,"seriesorder":323},{"id":3035,"name":"BJ 212","firstletter":"B","seriesstate":20,"seriesorder":324},{"id":2126,"name":"北京BW007","firstletter":"B","seriesstate":20,"seriesorder":325},{"id":622,"name":"勇士","firstletter":"Y","seriesstate":20,"seriesorder":326},{"id":966,"name":"陆霸","firstletter":"L","seriesstate":20,"seriesorder":327},{"id":2960,"name":"越铃","firstletter":"Y","seriesstate":20,"seriesorder":328},{"id":2915,"name":"锐铃","firstletter":"R","seriesstate":20,"seriesorder":329},{"id":3221,"name":"战旗皮卡","firstletter":"Z","seriesstate":20,"seriesorder":330},{"id":852,"name":"骑士S12","firstletter":"Q","seriesstate":40,"seriesorder":332},{"id":2959,"name":"陆铃","firstletter":"L","seriesstate":40,"seriesorder":333}]}]}}