{"returncode":0,"message":"成功","result":{"factoryitems":[{"id":164,"name":"东风风行","firstletter":"D","seriesitems":[{"id":3301,"name":"景逸S50","firstletter":"J","seriesstate":20,"seriesorder":935},{"id":4614,"name":"景逸S50EV","firstletter":"J","seriesstate":20,"seriesorder":936},{"id":3970,"name":"风行SX6","firstletter":"F","seriesstate":20,"seriesorder":937},{"id":3414,"name":"景逸X3","firstletter":"J","seriesstate":20,"seriesorder":938},{"id":3128,"name":"景逸X5","firstletter":"J","seriesstate":20,"seriesorder":939},{"id":4423,"name":"景逸X6","firstletter":"J","seriesstate":20,"seriesorder":940},{"id":3785,"name":"景逸XV","firstletter":"J","seriesstate":20,"seriesorder":941},{"id":2990,"name":"风行CM7","firstletter":"F","seriesstate":20,"seriesorder":942},{"id":3792,"name":"风行F600","firstletter":"F","seriesstate":20,"seriesorder":943},{"id":3789,"name":"风行S500","firstletter":"F","seriesstate":20,"seriesorder":944},{"id":2540,"name":"菱智","firstletter":"L","seriesstate":20,"seriesorder":945},{"id":4418,"name":"菱智M5EV","firstletter":"L","seriesstate":20,"seriesorder":946},{"id":554,"name":"景逸","firstletter":"J","seriesstate":40,"seriesorder":948},{"id":2742,"name":"景逸SUV","firstletter":"J","seriesstate":40,"seriesorder":949}]}]}}