{"returncode":0,"message":"成功","result":{"factoryitems":[{"id":357,"name":"长安标致雪铁龙","firstletter":"C","seriesitems":[{"id":3963,"name":"DS 4S","firstletter":"D","seriesstate":20,"seriesorder":755},{"id":3309,"name":"DS 5LS","firstletter":"D","seriesstate":20,"seriesorder":756},{"id":2952,"name":"DS 5","firstletter":"D","seriesstate":20,"seriesorder":757},{"id":3324,"name":"DS 6","firstletter":"D","seriesstate":20,"seriesorder":758}]},{"id":82,"name":"雪铁龙(进口)","firstletter":"X","seriesitems":[{"id":898,"name":"DS 3","firstletter":"D","seriesstate":0,"seriesorder":760},{"id":2078,"name":"DS 4","firstletter":"D","seriesstate":0,"seriesorder":761},{"id":2314,"name":"DS 5(进口)","firstletter":"D","seriesstate":0,"seriesorder":764}]}]}}