{"returncode":0,"message":"成功","result":{"factoryitems":[{"id":312,"name":"北京汽车","firstletter":"B","seriesitems":[{"id":3557,"name":"绅宝D20","firstletter":"S","seriesstate":20,"seriesorder":286},{"id":2791,"name":"绅宝D50","firstletter":"S","seriesstate":20,"seriesorder":287},{"id":3839,"name":"绅宝X25","firstletter":"S","seriesstate":20,"seriesorder":288},{"id":3928,"name":"绅宝X35","firstletter":"S","seriesstate":20,"seriesorder":289},{"id":3795,"name":"绅宝X55","firstletter":"S","seriesstate":20,"seriesorder":290},{"id":3417,"name":"绅宝X65","firstletter":"S","seriesstate":20,"seriesorder":291},{"id":3794,"name":"绅宝CC","firstletter":"S","seriesstate":30,"seriesorder":292},{"id":3673,"name":"绅宝D80","firstletter":"S","seriesstate":30,"seriesorder":293},{"id":3427,"name":"绅宝D60","firstletter":"S","seriesstate":40,"seriesorder":295},{"id":2787,"name":"绅宝D70","firstletter":"S","seriesstate":40,"seriesorder":296}]}]}}