{"returncode":0,"message":"成功","result":{"factoryitems":[{"id":4,"name":"长城汽车","firstletter":"C","seriesitems":[{"id":3454,"name":"哈弗H1","firstletter":"H","seriesstate":20,"seriesorder":1353},{"id":2615,"name":"哈弗H2","firstletter":"H","seriesstate":20,"seriesorder":1354},{"id":4168,"name":"哈弗H2s","firstletter":"H","seriesstate":20,"seriesorder":1355},{"id":2027,"name":"哈弗H5","firstletter":"H","seriesstate":20,"seriesorder":1356},{"id":2123,"name":"哈弗H6","firstletter":"H","seriesstate":20,"seriesorder":1357},{"id":3481,"name":"哈弗H6 Coupe","firstletter":"H","seriesstate":20,"seriesorder":1358},{"id":4485,"name":"哈弗M6","firstletter":"H","seriesstate":20,"seriesorder":1359},{"id":3074,"name":"哈弗H7","firstletter":"H","seriesstate":20,"seriesorder":1360},{"id":2124,"name":"哈弗H8","firstletter":"H","seriesstate":20,"seriesorder":1361},{"id":3298,"name":"哈弗H9","firstletter":"H","seriesstate":20,"seriesorder":1362},{"id":395,"name":"哈弗H3","firstletter":"H","seriesstate":40,"seriesorder":1372}]}]}}