{"returncode":0,"message":"成功","result":{"factoryitems":[{"id":377,"name":"成功汽车","firstletter":"C","seriesitems":[{"id":3504,"name":"成功V1","firstletter":"C","seriesstate":20,"seriesorder":736},{"id":3505,"name":"成功V2","firstletter":"C","seriesstate":20,"seriesorder":737},{"id":4533,"name":"成功V2E","firstletter":"C","seriesstate":20,"seriesorder":738},{"id":3506,"name":"成功K1","firstletter":"C","seriesstate":20,"seriesorder":739},{"id":3507,"name":"成功K2","firstletter":"C","seriesstate":20,"seriesorder":740},{"id":3508,"name":"成功X1","firstletter":"C","seriesstate":20,"seriesorder":741}]}]}}