{"returncode":0,"message":"成功","result":{"factoryitems":[{"id":382,"name":"泰卡特","firstletter":"T","seriesitems":[{"id":3393,"name":"泰卡特 T9","firstletter":"T","seriesstate":20,"seriesorder":2727},{"id":3392,"name":"泰卡特 T7","firstletter":"T","seriesstate":30,"seriesorder":2728},{"id":3389,"name":"泰卡特 T1","firstletter":"T","seriesstate":30,"seriesorder":2729},{"id":3390,"name":"泰卡特 T2","firstletter":"T","seriesstate":30,"seriesorder":2730},{"id":3391,"name":"泰卡特 T3","firstletter":"T","seriesstate":30,"seriesorder":2731}]}]}}