{"returncode":0,"message":"成功","result":{"factoryitems":[{"id":383,"name":"北汽银翔","firstletter":"B","seriesitems":[{"id":3284,"name":"北汽幻速S2","firstletter":"B","seriesstate":20,"seriesorder":276},{"id":3361,"name":"北汽幻速S3","firstletter":"B","seriesstate":20,"seriesorder":277},{"id":4276,"name":"北汽幻速S5","firstletter":"B","seriesstate":20,"seriesorder":278},{"id":3426,"name":"北汽幻速S6","firstletter":"B","seriesstate":20,"seriesorder":279},{"id":4502,"name":"北汽幻速S7","firstletter":"B","seriesstate":20,"seriesorder":280},{"id":3874,"name":"北汽幻速H3","firstletter":"B","seriesstate":20,"seriesorder":281},{"id":3661,"name":"北汽幻速H2","firstletter":"B","seriesstate":20,"seriesorder":282},{"id":4137,"name":"北汽幻速H2V","firstletter":"B","seriesstate":20,"seriesorder":283},{"id":3714,"name":"北汽幻速H6","firstletter":"B","seriesstate":20,"seriesorder":284}]}]}}