{"returncode":0,"message":"成功","result":{"factoryitems":[{"id":390,"name":"北汽新能源","firstletter":"B","seriesitems":[{"id":4264,"name":"EC系列","firstletter":"E","seriesstate":20,"seriesorder":311},{"id":3533,"name":"EV系列","firstletter":"E","seriesstate":20,"seriesorder":312},{"id":3884,"name":"EU系列","firstletter":"E","seriesstate":20,"seriesorder":313},{"id":4104,"name":"EH系列","firstletter":"E","seriesstate":20,"seriesorder":314},{"id":4015,"name":"EX系列","firstletter":"E","seriesstate":20,"seriesorder":315},{"id":3537,"name":"北汽新能源ES210","firstletter":"B","seriesstate":40,"seriesorder":322}]}]}}