{"returncode":0,"message":"成功","result":{"factoryitems":[{"id":398,"name":"凯翼汽车","firstletter":"K","seriesitems":[{"id":3586,"name":"凯翼C3","firstletter":"K","seriesstate":20,"seriesorder":1751},{"id":3581,"name":"凯翼C3R","firstletter":"K","seriesstate":20,"seriesorder":1752},{"id":4474,"name":"凯翼E3","firstletter":"K","seriesstate":20,"seriesorder":1753},{"id":3983,"name":"凯翼X3","firstletter":"K","seriesstate":20,"seriesorder":1754},{"id":3971,"name":"凯翼V3","firstletter":"K","seriesstate":20,"seriesorder":1755},{"id":4095,"name":"凯翼X5","firstletter":"K","seriesstate":20,"seriesorder":1756}]}]}}