{"returncode":0,"message":"成功","result":{"factoryitems":[{"id":54,"name":"吉利汽车","firstletter":"J","seriesitems":[{"id":447,"name":"金刚","firstletter":"J","seriesstate":20,"seriesorder":1506},{"id":3556,"name":"帝豪","firstletter":"D","seriesstate":20,"seriesorder":1507},{"id":4139,"name":"帝豪GL","firstletter":"D","seriesstate":20,"seriesorder":1508},{"id":4342,"name":"帝豪新能源","firstletter":"D","seriesstate":20,"seriesorder":1509},{"id":474,"name":"远景","firstletter":"Y","seriesstate":20,"seriesorder":1510},{"id":3589,"name":"博瑞","firstletter":"B","seriesstate":20,"seriesorder":1511},{"id":4293,"name":"远景X1","firstletter":"Y","seriesstate":20,"seriesorder":1512},{"id":4481,"name":"远景X3","firstletter":"Y","seriesstate":20,"seriesorder":1513},{"id":3788,"name":"博越","firstletter":"B","seriesstate":20,"seriesorder":1514},{"id":3465,"name":"帝豪GS","firstletter":"D","seriesstate":20,"seriesorder":1515},{"id":4491,"name":"远景S1","firstletter":"Y","seriesstate":20,"seriesorder":1516},{"id":4133,"name":"远景SUV","firstletter":"Y","seriesstate":20,"seriesorder":1517},{"id":2192,"name":"吉利GX2","firstletter":"J","seriesstate":40,"seriesorder":1523},{"id":608,"name":"熊猫","firstletter":"X","seriesstate":40,"seriesorder":1524},{"id":133,"name":"豪情","firstletter":"H","seriesstate":40,"seriesorder":1525},{"id":2840,"name":"吉利SC3","firstletter":"J","seriesstate":40,"seriesorder":1528},{"id":2111,"name":"吉利SC5-RV","firstletter":"J","seriesstate":40,"seriesorder":1530},{"id":2166,"name":"吉利SC6-RV","firstletter":"J","seriesstate":40,"seriesorder":1531},{"id":2156,"name":"金刚财富","firstletter":"J","seriesstate":40,"seriesorder":1532},{"id":609,"name":"金鹰","firstletter":"J","seriesstate":40,"seriesorder":1533},{"id":132,"name":"英伦C5","firstletter":"Y","seriesstate":40,"seriesorder":1534},{"id":421,"name":"优利欧","firstletter":"Y","seriesstate":40,"seriesorder":1535},{"id":409,"name":"自由舰","firstletter":"Z","seriesstate":40,"seriesorder":1536},{"id":2051,"name":"海景","firstletter":"H","seriesstate":40,"seriesorder":1537},{"id":2155,"name":"吉利GC7","firstletter":"J","seriesstate":40,"seriesorder":1539},{"id":799,"name":"经典帝豪","firstletter":"J","seriesstate":40,"seriesorder":1541},{"id":841,"name":"英伦TX4","firstletter":"Y","seriesstate":40,"seriesorder":1542},{"id":801,"name":"吉利EC8","firstletter":"J","seriesstate":40,"seriesorder":1543},{"id":2112,"name":"吉利SX5","firstletter":"J","seriesstate":40,"seriesorder":1547},{"id":2158,"name":"吉利SX6","firstletter":"J","seriesstate":40,"seriesorder":1548},{"id":989,"name":"吉利GX7","firstletter":"J","seriesstate":40,"seriesorder":1550},{"id":2964,"name":"吉利SX7","firstletter":"J","seriesstate":40,"seriesorder":1551},{"id":3467,"name":"豪情SUV","firstletter":"H","seriesstate":40,"seriesorder":1552},{"id":2157,"name":"吉利SV5","firstletter":"J","seriesstate":40,"seriesorder":1558},{"id":138,"name":"美人豹","firstletter":"M","seriesstate":40,"seriesorder":1561},{"id":611,"name":"中国龙","firstletter":"Z","seriesstate":40,"seriesorder":1562}]}]}}