{"returncode":0,"message":"成功","result":{"factoryitems":[{"id":327,"name":"东风小康","firstletter":"D","seriesitems":[{"id":4468,"name":"东风风光S560","firstletter":"D","seriesstate":20,"seriesorder":912},{"id":4023,"name":"东风风光580","firstletter":"D","seriesstate":20,"seriesorder":913},{"id":3925,"name":"东风风光370","firstletter":"D","seriesstate":20,"seriesorder":914},{"id":3829,"name":"东风风光330","firstletter":"D","seriesstate":20,"seriesorder":915},{"id":3828,"name":"东风风光360","firstletter":"D","seriesstate":30,"seriesorder":916},{"id":3086,"name":"东风风光","firstletter":"D","seriesstate":40,"seriesorder":917},{"id":3830,"name":"东风风光350","firstletter":"D","seriesstate":40,"seriesorder":918}]}]}}