{"returncode":0,"message":"成功","result":{"factoryitems":[{"id":188,"name":"福田汽车","firstletter":"F","seriesitems":[{"id":3307,"name":"萨瓦纳","firstletter":"S","seriesstate":20,"seriesorder":1253},{"id":4227,"name":"伽途im6","firstletter":"G","seriesstate":20,"seriesorder":1254},{"id":4228,"name":"伽途im8","firstletter":"G","seriesstate":20,"seriesorder":1255},{"id":3991,"name":"伽途ix5","firstletter":"G","seriesstate":20,"seriesorder":1256},{"id":3990,"name":"伽途ix7","firstletter":"G","seriesstate":20,"seriesorder":1257},{"id":2577,"name":"拓陆者","firstletter":"T","seriesstate":20,"seriesorder":1258}]}]}}