{"returncode":0,"message":"成功","result":{"factoryitems":[{"id":9,"name":"一汽-大众奥迪","firstletter":"Y","seriesitems":[{"id":3170,"name":"奥迪A3","firstletter":"A","seriesstate":20,"seriesorder":81},{"id":692,"name":"奥迪A4L","firstletter":"A","seriesstate":20,"seriesorder":82},{"id":18,"name":"奥迪A6L","firstletter":"A","seriesstate":20,"seriesorder":83},{"id":4526,"name":"奥迪A6L新能源","firstletter":"A","seriesstate":20,"seriesorder":84},{"id":2951,"name":"奥迪Q3","firstletter":"A","seriesstate":20,"seriesorder":85},{"id":812,"name":"奥迪Q5","firstletter":"A","seriesstate":20,"seriesorder":86},{"id":19,"name":"奥迪A4","firstletter":"A","seriesstate":40,"seriesorder":88},{"id":509,"name":"奥迪A6","firstletter":"A","seriesstate":40,"seriesorder":89}]},{"id":346,"name":"Audi Sport","firstletter":"A","seriesitems":[{"id":2731,"name":"奥迪RS 3","firstletter":"A","seriesstate":20,"seriesorder":90},{"id":2737,"name":"奥迪RS 6","firstletter":"A","seriesstate":20,"seriesorder":91},{"id":2994,"name":"奥迪RS 7","firstletter":"A","seriesstate":20,"seriesorder":92},{"id":511,"name":"奥迪R8","firstletter":"A","seriesstate":20,"seriesorder":93},{"id":2741,"name":"奥迪TT RS","firstletter":"A","seriesstate":20,"seriesorder":94},{"id":2735,"name":"奥迪RS 5","firstletter":"A","seriesstate":0,"seriesorder":96}]},{"id":79,"name":"奥迪(进口)","firstletter":"A","seriesitems":[{"id":650,"name":"奥迪A1","firstletter":"A","seriesstate":20,"seriesorder":98},{"id":370,"name":"奥迪A3(进口)","firstletter":"A","seriesstate":20,"seriesorder":99},{"id":4325,"name":"奥迪A3新能源(进口)","firstletter":"A","seriesstate":20,"seriesorder":100},{"id":2730,"name":"奥迪S3","firstletter":"A","seriesstate":20,"seriesorder":101},{"id":471,"name":"奥迪A4(进口)","firstletter":"A","seriesstate":20,"seriesorder":102},{"id":538,"name":"奥迪A5","firstletter":"A","seriesstate":20,"seriesorder":103},{"id":2734,"name":"奥迪S5","firstletter":"A","seriesstate":20,"seriesorder":104},{"id":472,"name":"奥迪A6(进口)","firstletter":"A","seriesstate":20,"seriesorder":105},{"id":2736,"name":"奥迪S6","firstletter":"A","seriesstate":20,"seriesorder":106},{"id":740,"name":"奥迪A7","firstletter":"A","seriesstate":20,"seriesorder":107},{"id":2738,"name":"奥迪S7","firstletter":"A","seriesstate":20,"seriesorder":108},{"id":146,"name":"奥迪A8","firstletter":"A","seriesstate":20,"seriesorder":109},{"id":2739,"name":"奥迪S8","firstletter":"A","seriesstate":20,"seriesorder":110},{"id":593,"name":"奥迪Q5(进口)","firstletter":"A","seriesstate":20,"seriesorder":111},{"id":2841,"name":"奥迪SQ5","firstletter":"A","seriesstate":20,"seriesorder":112},{"id":412,"name":"奥迪Q7","firstletter":"A","seriesstate":20,"seriesorder":113},{"id":4460,"name":"奥迪Q7新能源","firstletter":"A","seriesstate":20,"seriesorder":114},{"id":148,"name":"奥迪TT","firstletter":"A","seriesstate":20,"seriesorder":115},{"id":2740,"name":"奥迪TTS","firstletter":"A","seriesstate":20,"seriesorder":116},{"id":2264,"name":"奥迪Q3(进口)","firstletter":"A","seriesstate":0,"seriesorder":128}]}]}}