{"returncode":0,"message":"成功","result":{"factoryitems":[{"id":120,"name":"宾利","firstletter":"B","seriesitems":[{"id":901,"name":"慕尚","firstletter":"M","seriesstate":20,"seriesorder":612},{"id":3014,"name":"飞驰","firstletter":"F","seriesstate":20,"seriesorder":613},{"id":2685,"name":"添越","firstletter":"T","seriesstate":20,"seriesorder":614},{"id":305,"name":"欧陆","firstletter":"O","seriesstate":20,"seriesorder":615},{"id":306,"name":"雅致","firstletter":"Y","seriesstate":40,"seriesorder":621}]}]}}