{"returncode":0,"message":"成功","result":{"factoryitems":[{"id":81,"name":"保时捷","firstletter":"B","seriesitems":[{"id":703,"name":"Panamera","firstletter":"P","seriesstate":20,"seriesorder":242},{"id":4322,"name":"Panamera新能源","firstletter":"P","seriesstate":20,"seriesorder":243},{"id":2838,"name":"Macan","firstletter":"M","seriesstate":20,"seriesorder":244},{"id":172,"name":"Cayenne","firstletter":"C","seriesstate":20,"seriesorder":245},{"id":4324,"name":"Cayenne新能源","firstletter":"C","seriesstate":20,"seriesorder":246},{"id":4175,"name":"保时捷718","firstletter":"B","seriesstate":20,"seriesorder":247},{"id":162,"name":"保时捷911","firstletter":"B","seriesstate":20,"seriesorder":248},{"id":415,"name":"Cayman","firstletter":"C","seriesstate":30,"seriesorder":249},{"id":2073,"name":"918 Spyder","firstletter":"9","seriesstate":40,"seriesorder":253},{"id":168,"name":"Boxster","firstletter":"B","seriesstate":40,"seriesorder":254}]}]}}