{"returncode":0,"message":"成功","result":{"factoryitems":[{"id":78,"name":"法拉利","firstletter":"F","seriesitems":[{"id":4314,"name":"812 Superfast","firstletter":"8","seriesstate":10,"seriesorder":994},{"id":676,"name":"California T","firstletter":"C","seriesstate":20,"seriesorder":995},{"id":2682,"name":"F12berlinetta","firstletter":"F","seriesstate":20,"seriesorder":996},{"id":4027,"name":"GTC4Lusso","firstletter":"G","seriesstate":20,"seriesorder":997},{"id":3016,"name":"LaFerrari","firstletter":"L","seriesstate":20,"seriesorder":998},{"id":4524,"name":"Portofino","firstletter":"P","seriesstate":20,"seriesorder":999},{"id":3720,"name":"法拉利488","firstletter":"F","seriesstate":20,"seriesorder":1000},{"id":889,"name":"法拉利458","firstletter":"F","seriesstate":40,"seriesorder":1004},{"id":459,"name":"法拉利599","firstletter":"F","seriesstate":40,"seriesorder":1005},{"id":2261,"name":"法拉利FF","firstletter":"F","seriesstate":40,"seriesorder":1006},{"id":361,"name":"法拉利360","firstletter":"F","seriesstate":40,"seriesorder":1014},{"id":308,"name":"法拉利575M","firstletter":"F","seriesstate":40,"seriesorder":1021},{"id":367,"name":"法拉利612","firstletter":"F","seriesstate":40,"seriesorder":1022},{"id":359,"name":"法拉利F430","firstletter":"F","seriesstate":40,"seriesorder":1025}]}]}}