{"returncode":0,"message":"成功","result":{"factoryitems":[{"id":376,"name":"奇瑞捷豹路虎","firstletter":"Q","seriesitems":[{"id":4462,"name":"捷豹XEL","firstletter":"J","seriesstate":20,"seriesorder":1622},{"id":4083,"name":"捷豹XFL","firstletter":"J","seriesstate":20,"seriesorder":1623}]},{"id":85,"name":"捷豹","firstletter":"J","seriesitems":[{"id":3312,"name":"捷豹XE","firstletter":"J","seriesstate":20,"seriesorder":1624},{"id":589,"name":"捷豹XF","firstletter":"J","seriesstate":20,"seriesorder":1625},{"id":178,"name":"捷豹XJ","firstletter":"J","seriesstate":20,"seriesorder":1626},{"id":3209,"name":"捷豹F-PACE","firstletter":"J","seriesstate":20,"seriesorder":1627},{"id":2903,"name":"捷豹F-TYPE","firstletter":"J","seriesstate":20,"seriesorder":1628},{"id":456,"name":"捷豹XK","firstletter":"J","seriesstate":0,"seriesorder":1636},{"id":328,"name":"捷豹X-Type","firstletter":"J","seriesstate":40,"seriesorder":1637},{"id":258,"name":"捷豹S-Type","firstletter":"J","seriesstate":40,"seriesorder":1638}]}]}}