{"returncode":0,"message":"成功","result":{"factoryitems":[{"id":12,"name":"北京吉普","firstletter":"B","seriesitems":[{"id":291,"name":"北京JEEP","firstletter":"B","seriesstate":40,"seriesorder":1486},{"id":23,"name":"大切诺基","firstletter":"D","seriesstate":40,"seriesorder":1487}]},{"id":319,"name":"广汽菲克Jeep","firstletter":"G","seriesitems":[{"id":4072,"name":"自由侠","firstletter":"Z","seriesstate":20,"seriesorder":1488},{"id":3845,"name":"指南者","firstletter":"Z","seriesstate":20,"seriesorder":1489},{"id":3872,"name":"自由光","firstletter":"Z","seriesstate":20,"seriesorder":1490}]},{"id":71,"name":"Jeep(进口)","firstletter":"J","seriesitems":[{"id":121,"name":"牧马人","firstletter":"M","seriesstate":20,"seriesorder":1492},{"id":521,"name":"大切诺基(进口)","firstletter":"D","seriesstate":20,"seriesorder":1493},{"id":504,"name":"指南者(进口)","firstletter":"Z","seriesstate":0,"seriesorder":1495},{"id":3062,"name":"自由光(进口)","firstletter":"Z","seriesstate":0,"seriesorder":1497},{"id":263,"name":"自由人","firstletter":"Z","seriesstate":0,"seriesorder":1498},{"id":777,"name":"自由客","firstletter":"Z","seriesstate":40,"seriesorder":1501},{"id":503,"name":"指挥官","firstletter":"Z","seriesstate":40,"seriesorder":1503}]},{"id":363,"name":"SRT","firstletter":"S","seriesitems":[{"id":3048,"name":"大切诺基 SRT","firstletter":"D","seriesstate":20,"seriesorder":1505}]}]}}