{"returncode":0,"message":"成功","result":{"factoryitems":[{"id":122,"name":"上汽通用凯迪拉克","firstletter":"S","seriesitems":[{"id":3207,"name":"凯迪拉克ATS-L","firstletter":"K","seriesstate":20,"seriesorder":1721},{"id":3802,"name":"凯迪拉克CT6","firstletter":"K","seriesstate":20,"seriesorder":1722},{"id":4334,"name":"凯迪拉克CT6 PLUG-IN","firstletter":"K","seriesstate":20,"seriesorder":1723},{"id":2949,"name":"凯迪拉克XTS","firstletter":"K","seriesstate":20,"seriesorder":1724},{"id":3989,"name":"凯迪拉克XT5","firstletter":"K","seriesstate":20,"seriesorder":1725},{"id":488,"name":"SLS赛威","firstletter":"S","seriesstate":40,"seriesorder":1726},{"id":970,"name":"凯迪拉克CTS","firstletter":"K","seriesstate":40,"seriesorder":1727}]},{"id":44,"name":"凯迪拉克(进口)","firstletter":"K","seriesitems":[{"id":462,"name":"凯雷德ESCALADE","firstletter":"K","seriesstate":20,"seriesorder":1728},{"id":2629,"name":"凯迪拉克ATS(进口)","firstletter":"K","seriesstate":0,"seriesorder":1729},{"id":311,"name":"凯迪拉克CTS(进口)","firstletter":"K","seriesstate":0,"seriesorder":1731},{"id":49,"name":"凯迪拉克SRX","firstletter":"K","seriesstate":40,"seriesorder":1748},{"id":426,"name":"凯迪拉克XLR","firstletter":"K","seriesstate":40,"seriesorder":1750}]}]}}