{"returncode":0,"message":"成功","result":{"factoryitems":[{"id":376,"name":"奇瑞捷豹路虎","firstletter":"Q","seriesitems":[{"id":3871,"name":"发现神行","firstletter":"F","seriesstate":20,"seriesorder":2062},{"id":3521,"name":"揽胜极光","firstletter":"L","seriesstate":20,"seriesorder":2063}]},{"id":49,"name":"路虎(进口)","firstletter":"L","seriesitems":[{"id":754,"name":"揽胜极光(进口)","firstletter":"L","seriesstate":20,"seriesorder":2064},{"id":4316,"name":"揽胜星脉","firstletter":"L","seriesstate":20,"seriesorder":2065},{"id":802,"name":"发现","firstletter":"F","seriesstate":20,"seriesorder":2066},{"id":850,"name":"揽胜运动版","firstletter":"L","seriesstate":20,"seriesorder":2067},{"id":69,"name":"揽胜","firstletter":"L","seriesstate":20,"seriesorder":2068},{"id":4569,"name":"揽胜运动版新能源","firstletter":"L","seriesstate":20,"seriesorder":2069},{"id":3565,"name":"发现神行(进口)","firstletter":"F","seriesstate":0,"seriesorder":2071},{"id":256,"name":"卫士","firstletter":"W","seriesstate":0,"seriesorder":2072},{"id":77,"name":"神行者2","firstletter":"S","seriesstate":40,"seriesorder":2075},{"id":3177,"name":"神行者","firstletter":"S","seriesstate":40,"seriesorder":2077}]}]}}