{"returncode":0,"message":"成功","result":{"factoryitems":[{"id":56,"name":"林肯","firstletter":"L","seriesitems":[{"id":793,"name":"林肯MKZ","firstletter":"L","seriesstate":20,"seriesorder":1979},{"id":3731,"name":"林肯大陆","firstletter":"L","seriesstate":20,"seriesorder":1980},{"id":2991,"name":"林肯MKC","firstletter":"L","seriesstate":20,"seriesorder":1981},{"id":758,"name":"林肯MKX","firstletter":"L","seriesstate":20,"seriesorder":1982},{"id":95,"name":"领航员","firstletter":"L","seriesstate":20,"seriesorder":1983},{"id":869,"name":"林肯MKS","firstletter":"L","seriesstate":0,"seriesorder":1984},{"id":794,"name":"林肯MKT","firstletter":"L","seriesstate":0,"seriesorder":1986},{"id":103,"name":"城市","firstletter":"C","seriesstate":40,"seriesorder":1989}]}]}}