{"returncode":0,"message":"成功","result":{"factoryitems":[{"id":65,"name":"雷克萨斯","firstletter":"L","seriesitems":[{"id":2623,"name":"雷克萨斯LC","firstletter":"L","seriesstate":10,"seriesorder":1849},{"id":2063,"name":"雷克萨斯CT","firstletter":"L","seriesstate":20,"seriesorder":1850},{"id":201,"name":"雷克萨斯IS","firstletter":"L","seriesstate":20,"seriesorder":1851},{"id":403,"name":"雷克萨斯ES","firstletter":"L","seriesstate":20,"seriesorder":1852},{"id":261,"name":"雷克萨斯GS","firstletter":"L","seriesstate":20,"seriesorder":1853},{"id":341,"name":"雷克萨斯LS","firstletter":"L","seriesstate":20,"seriesorder":1854},{"id":3442,"name":"雷克萨斯NX","firstletter":"L","seriesstate":20,"seriesorder":1855},{"id":112,"name":"雷克萨斯GX","firstletter":"L","seriesstate":20,"seriesorder":1856},{"id":3934,"name":"雷克萨斯RX","firstletter":"L","seriesstate":20,"seriesorder":1857},{"id":352,"name":"雷克萨斯LX","firstletter":"L","seriesstate":20,"seriesorder":1858},{"id":3758,"name":"雷克萨斯RC","firstletter":"L","seriesstate":20,"seriesorder":1859},{"id":351,"name":"雷克萨斯RX经典","firstletter":"L","seriesstate":40,"seriesorder":1871},{"id":332,"name":"雷克萨斯SC","firstletter":"L","seriesstate":40,"seriesorder":1873}]},{"id":414,"name":"雷克萨斯F","firstletter":"L","seriesitems":[{"id":3238,"name":"雷克萨斯RC F","firstletter":"L","seriesstate":20,"seriesorder":1874},{"id":697,"name":"雷克萨斯LFA","firstletter":"L","seriesstate":40,"seriesorder":1877}]}]}}