{"returncode":0,"message":"成功","result":{"factoryitems":[{"id":31,"name":"昌河铃木","firstletter":"C","seriesitems":[{"id":75,"name":"北斗星","firstletter":"B","seriesstate":20,"seriesorder":1990},{"id":3216,"name":"北斗星X5","firstletter":"B","seriesstate":20,"seriesorder":1991},{"id":3112,"name":"利亚纳A6","firstletter":"L","seriesstate":20,"seriesorder":1992},{"id":2049,"name":"派喜","firstletter":"P","seriesstate":40,"seriesorder":1994},{"id":432,"name":"利亚纳","firstletter":"L","seriesstate":40,"seriesorder":1995},{"id":2534,"name":"浪迪","firstletter":"L","seriesstate":40,"seriesorder":1996}]},{"id":35,"name":"长安铃木","firstletter":"C","seriesitems":[{"id":872,"name":"奥拓","firstletter":"A","seriesstate":20,"seriesorder":1997},{"id":362,"name":"雨燕","firstletter":"Y","seriesstate":20,"seriesorder":1998},{"id":3528,"name":"启悦","firstletter":"Q","seriesstate":20,"seriesorder":1999},{"id":529,"name":"天语 SX4","firstletter":"T","seriesstate":20,"seriesorder":2000},{"id":3858,"name":"维特拉","firstletter":"W","seriesstate":20,"seriesorder":2001},{"id":4435,"name":"骁途","firstletter":"X","seriesstate":20,"seriesorder":2002},{"id":94,"name":"羚羊","firstletter":"L","seriesstate":40,"seriesorder":2004},{"id":2242,"name":"天语 尚悦","firstletter":"T","seriesstate":40,"seriesorder":2005},{"id":3185,"name":"锋驭","firstletter":"F","seriesstate":40,"seriesorder":2006}]},{"id":161,"name":"铃木(进口)","firstletter":"L","seriesitems":[{"id":508,"name":"吉姆尼(进口)","firstletter":"J","seriesstate":20,"seriesorder":2007},{"id":3926,"name":"英格尼斯","firstletter":"Y","seriesstate":20,"seriesorder":2008},{"id":500,"name":"超级维特拉","firstletter":"C","seriesstate":20,"seriesorder":2009},{"id":2176,"name":"速翼特","firstletter":"S","seriesstate":0,"seriesorder":2020},{"id":892,"name":"凯泽西","firstletter":"K","seriesstate":40,"seriesorder":2039}]}]}}