{"returncode":0,"message":"成功","result":{"factoryitems":[{"id":3,"name":"玛莎拉蒂","firstletter":"M","seriesitems":[{"id":3060,"name":"Ghibli","firstletter":"G","seriesstate":20,"seriesorder":2150},{"id":289,"name":"总裁","firstletter":"Z","seriesstate":20,"seriesorder":2151},{"id":2428,"name":"Levante","firstletter":"L","seriesstate":20,"seriesorder":2152},{"id":551,"name":"GranTurismo","firstletter":"G","seriesstate":20,"seriesorder":2153},{"id":903,"name":"GranCabrio","firstletter":"G","seriesstate":20,"seriesorder":2154},{"id":322,"name":"Coupe","firstletter":"C","seriesstate":0,"seriesorder":2156},{"id":191,"name":"玛莎拉蒂Spyder","firstletter":"M","seriesstate":40,"seriesorder":2160}]}]}}