{"returncode":0,"message":"成功","result":{"factoryitems":[{"id":450,"name":"广汽讴歌","firstletter":"G","seriesitems":[{"id":4381,"name":"讴歌TLX-L","firstletter":"O","seriesstate":10,"seriesorder":2228},{"id":4096,"name":"讴歌CDX","firstletter":"O","seriesstate":20,"seriesorder":2229}]},{"id":157,"name":"讴歌(进口)","firstletter":"O","seriesitems":[{"id":524,"name":"讴歌MDX","firstletter":"O","seriesstate":20,"seriesorder":2230},{"id":806,"name":"讴歌ZDX","firstletter":"O","seriesstate":20,"seriesorder":2231},{"id":2641,"name":"讴歌NSX","firstletter":"O","seriesstate":20,"seriesorder":2232},{"id":888,"name":"讴歌RDX","firstletter":"O","seriesstate":30,"seriesorder":2233},{"id":2642,"name":"讴歌ILX","firstletter":"O","seriesstate":0,"seriesorder":2234},{"id":3328,"name":"讴歌TLX","firstletter":"O","seriesstate":0,"seriesorder":2235},{"id":2748,"name":"讴歌RLX","firstletter":"O","seriesstate":0,"seriesorder":2237},{"id":479,"name":"讴歌TL","firstletter":"O","seriesstate":40,"seriesorder":2240},{"id":464,"name":"讴歌RL","firstletter":"O","seriesstate":40,"seriesorder":2241}]}]}}