{"returncode":0,"message":"成功","result":{"factoryitems":[{"id":92,"name":"东风日产","firstletter":"D","seriesitems":[{"id":2086,"name":"玛驰","firstletter":"M","seriesstate":20,"seriesorder":2410},{"id":522,"name":"骊威","firstletter":"L","seriesstate":20,"seriesorder":2411},{"id":425,"name":"骐达","firstletter":"Q","seriesstate":20,"seriesorder":2412},{"id":448,"name":"轩逸","firstletter":"X","seriesstate":20,"seriesorder":2413},{"id":64,"name":"阳光","firstletter":"Y","seriesstate":20,"seriesorder":2414},{"id":3817,"name":"LANNIA 蓝鸟","firstletter":"L","seriesstate":20,"seriesorder":2415},{"id":634,"name":"天籁","firstletter":"T","seriesstate":20,"seriesorder":2416},{"id":3957,"name":"西玛","firstletter":"X","seriesstate":20,"seriesorder":2417},{"id":4305,"name":"劲客","firstletter":"J","seriesstate":20,"seriesorder":2418},{"id":564,"name":"逍客","firstletter":"X","seriesstate":20,"seriesorder":2419},{"id":656,"name":"奇骏","firstletter":"Q","seriesstate":20,"seriesorder":2420},{"id":2381,"name":"楼兰","firstletter":"L","seriesstate":20,"seriesorder":2421},{"id":355,"name":"颐达","firstletter":"Y","seriesstate":40,"seriesorder":2422},{"id":63,"name":"蓝鸟","firstletter":"L","seriesstate":40,"seriesorder":2423},{"id":475,"name":"骏逸","firstletter":"J","seriesstate":40,"seriesorder":2424}]},{"id":173,"name":"郑州日产","firstletter":"Z","seriesitems":[{"id":53,"name":"帕拉丁","firstletter":"P","seriesstate":20,"seriesorder":2425},{"id":2113,"name":"日产NV200","firstletter":"R","seriesstate":20,"seriesorder":2426},{"id":4307,"name":"纳瓦拉","firstletter":"N","seriesstate":20,"seriesorder":2427},{"id":2466,"name":"日产D22","firstletter":"R","seriesstate":20,"seriesorder":2428},{"id":2853,"name":"日产ZN厢式车","firstletter":"R","seriesstate":20,"seriesorder":2429}]},{"id":73,"name":"日产(进口)","firstletter":"R","seriesitems":[{"id":264,"name":"途乐","firstletter":"T","seriesstate":20,"seriesorder":2430},{"id":438,"name":"贵士","firstletter":"G","seriesstate":20,"seriesorder":2431},{"id":702,"name":"日产370Z","firstletter":"R","seriesstate":20,"seriesorder":2432},{"id":436,"name":"日产GT-R","firstletter":"R","seriesstate":20,"seriesorder":2433},{"id":2578,"name":"碧莲","firstletter":"B","seriesstate":20,"seriesorder":2434},{"id":2054,"name":"JUKE","firstletter":"J","seriesstate":0,"seriesorder":2453},{"id":208,"name":"奇骏(进口)","firstletter":"Q","seriesstate":0,"seriesorder":2458},{"id":958,"name":"楼兰(海外)","firstletter":"L","seriesstate":0,"seriesorder":2461},{"id":205,"name":"风度","firstletter":"F","seriesstate":40,"seriesorder":2483},{"id":376,"name":"风雅","firstletter":"F","seriesstate":40,"seriesorder":2484},{"id":204,"name":"CIMA","firstletter":"C","seriesstate":40,"seriesorder":2486},{"id":316,"name":"日产350Z","firstletter":"R","seriesstate":40,"seriesorder":2490}]}]}}