{"returncode":0,"message":"成功","result":{"factoryitems":[{"id":116,"name":"斯巴鲁","firstletter":"S","seriesitems":[{"id":287,"name":"力狮","firstletter":"L","seriesstate":20,"seriesorder":2661},{"id":2417,"name":"斯巴鲁XV","firstletter":"S","seriesstate":20,"seriesorder":2662},{"id":285,"name":"森林人","firstletter":"S","seriesstate":20,"seriesorder":2663},{"id":286,"name":"傲虎","firstletter":"A","seriesstate":20,"seriesorder":2664},{"id":2557,"name":"斯巴鲁BRZ","firstletter":"S","seriesstate":20,"seriesorder":2665},{"id":283,"name":"翼豹","firstletter":"Y","seriesstate":0,"seriesorder":2669},{"id":414,"name":"驰鹏","firstletter":"C","seriesstate":40,"seriesorder":2679}]}]}}