{"returncode":0,"message":"成功","result":{"factoryitems":[{"id":162,"name":"上汽斯柯达","firstletter":"S","seriesitems":[{"id":4453,"name":"柯珞克","firstletter":"K","seriesstate":10,"seriesorder":2684},{"id":382,"name":"晶锐","firstletter":"J","seriesstate":20,"seriesorder":2685},{"id":519,"name":"明锐","firstletter":"M","seriesstate":20,"seriesorder":2686},{"id":3290,"name":"昕动","firstletter":"X","seriesstate":20,"seriesorder":2687},{"id":2962,"name":"昕锐","firstletter":"X","seriesstate":20,"seriesorder":2688},{"id":3171,"name":"速派","firstletter":"S","seriesstate":20,"seriesorder":2689},{"id":3013,"name":"Yeti","firstletter":"Y","seriesstate":20,"seriesorder":2690},{"id":4217,"name":"柯迪亚克","firstletter":"K","seriesstate":20,"seriesorder":2691},{"id":772,"name":"昊锐","firstletter":"H","seriesstate":40,"seriesorder":2692}]},{"id":138,"name":"斯柯达(进口)","firstletter":"S","seriesitems":[{"id":356,"name":"明锐(进口)","firstletter":"M","seriesstate":20,"seriesorder":2693},{"id":3269,"name":"速尊","firstletter":"S","seriesstate":20,"seriesorder":2694},{"id":357,"name":"Superb","firstletter":"S","seriesstate":0,"seriesorder":2703},{"id":858,"name":"Yeti(进口)","firstletter":"Y","seriesstate":0,"seriesorder":2704}]}]}}