{"returncode":0,"message":"成功","result":{"factoryitems":[{"id":76,"name":"双龙汽车","firstletter":"S","seriesitems":[{"id":141,"name":"主席","firstletter":"Z","seriesstate":20,"seriesorder":2635},{"id":3406,"name":"蒂维拉","firstletter":"D","seriesstate":20,"seriesorder":2636},{"id":2214,"name":"柯兰多","firstletter":"K","seriesstate":20,"seriesorder":2637},{"id":455,"name":"爱腾","firstletter":"A","seriesstate":20,"seriesorder":2638},{"id":3132,"name":"雷斯特W","firstletter":"L","seriesstate":20,"seriesorder":2639},{"id":485,"name":"享御","firstletter":"X","seriesstate":20,"seriesorder":2640},{"id":516,"name":"路帝","firstletter":"L","seriesstate":20,"seriesorder":2641},{"id":3372,"name":"途凌","firstletter":"T","seriesstate":30,"seriesorder":2642},{"id":139,"name":"雷斯特","firstletter":"L","seriesstate":0,"seriesorder":2648}]}]}}