{"returncode":0,"message":"成功","result":{"factoryitems":[{"id":139,"name":"上汽通用雪佛兰","firstletter":"S","seriesitems":[{"id":163,"name":"赛欧","firstletter":"S","seriesstate":20,"seriesorder":2936},{"id":3923,"name":"乐风RV","firstletter":"L","seriesstate":20,"seriesorder":2937},{"id":657,"name":"科鲁兹","firstletter":"K","seriesstate":20,"seriesorder":2938},{"id":4105,"name":"科沃兹","firstletter":"K","seriesstate":20,"seriesorder":2939},{"id":2313,"name":"迈锐宝","firstletter":"M","seriesstate":20,"seriesorder":2940},{"id":4031,"name":"迈锐宝XL","firstletter":"M","seriesstate":20,"seriesorder":2941},{"id":3335,"name":"创酷","firstletter":"C","seriesstate":20,"seriesorder":2942},{"id":2583,"name":"科帕奇","firstletter":"K","seriesstate":20,"seriesorder":2943},{"id":4235,"name":"探界者","firstletter":"T","seriesstate":20,"seriesorder":2944},{"id":2348,"name":"爱唯欧","firstletter":"A","seriesstate":40,"seriesorder":2945},{"id":420,"name":"乐骋","firstletter":"L","seriesstate":40,"seriesorder":2946},{"id":439,"name":"乐风","firstletter":"L","seriesstate":40,"seriesorder":2947},{"id":397,"name":"景程","firstletter":"J","seriesstate":40,"seriesorder":2948}]},{"id":142,"name":"雪佛兰(进口)","firstletter":"X","seriesitems":[{"id":678,"name":"科迈罗","firstletter":"K","seriesstate":20,"seriesorder":2949},{"id":2362,"name":"库罗德","firstletter":"K","seriesstate":20,"seriesorder":2950},{"id":2405,"name":"索罗德","firstletter":"S","seriesstate":20,"seriesorder":2951},{"id":808,"name":"斯帕可","firstletter":"S","seriesstate":0,"seriesorder":2952},{"id":682,"name":"沃蓝达","firstletter":"W","seriesstate":0,"seriesorder":2962},{"id":546,"name":"科帕奇(进口)","firstletter":"K","seriesstate":0,"seriesorder":2970}]}]}}