{"returncode":0,"message":"成功","result":{"factoryitems":[{"id":392,"name":"东风英菲尼迪","firstletter":"D","seriesitems":[{"id":3553,"name":"英菲尼迪Q50L","firstletter":"Y","seriesstate":20,"seriesorder":3095},{"id":3591,"name":"英菲尼迪QX50","firstletter":"Y","seriesstate":20,"seriesorder":3096}]},{"id":72,"name":"英菲尼迪(进口)","firstletter":"Y","seriesitems":[{"id":2992,"name":"英菲尼迪Q50","firstletter":"Y","seriesstate":20,"seriesorder":3097},{"id":3097,"name":"英菲尼迪Q70","firstletter":"Y","seriesstate":20,"seriesorder":3098},{"id":3535,"name":"英菲尼迪ESQ","firstletter":"Y","seriesstate":20,"seriesorder":3099},{"id":3652,"name":"英菲尼迪QX30","firstletter":"Y","seriesstate":20,"seriesorder":3100},{"id":3043,"name":"英菲尼迪QX60","firstletter":"Y","seriesstate":20,"seriesorder":3101},{"id":3099,"name":"英菲尼迪QX70","firstletter":"Y","seriesstate":20,"seriesorder":3102},{"id":3100,"name":"英菲尼迪QX80","firstletter":"Y","seriesstate":20,"seriesorder":3103},{"id":3201,"name":"英菲尼迪Q60","firstletter":"Y","seriesstate":20,"seriesorder":3104},{"id":3098,"name":"英菲尼迪QX50(进口)","firstletter":"Y","seriesstate":0,"seriesorder":3110},{"id":383,"name":"英菲尼迪G系","firstletter":"Y","seriesstate":40,"seriesorder":3114},{"id":581,"name":"英菲尼迪M系","firstletter":"Y","seriesstate":40,"seriesorder":3115},{"id":605,"name":"英菲尼迪EX","firstletter":"Y","seriesstate":40,"seriesorder":3116},{"id":122,"name":"英菲尼迪FX","firstletter":"Y","seriesstate":40,"seriesorder":3117},{"id":2400,"name":"英菲尼迪JX","firstletter":"Y","seriesstate":40,"seriesorder":3118},{"id":416,"name":"英菲尼迪QX","firstletter":"Y","seriesstate":40,"seriesorder":3119},{"id":3202,"name":"英菲尼迪Q60S","firstletter":"Y","seriesstate":40,"seriesorder":3121}]}]}}