{"returncode":0,"message":"成功","result":{"factoryitems":[{"id":433,"name":"广汽中兴","firstletter":"G","seriesitems":[{"id":2658,"name":"中兴C3","firstletter":"Z","seriesstate":20,"seriesorder":3168},{"id":3644,"name":"中兴GX3","firstletter":"Z","seriesstate":20,"seriesorder":3169}]},{"id":189,"name":"中兴汽车","firstletter":"Z","seriesitems":[{"id":4178,"name":"领主","firstletter":"L","seriesstate":20,"seriesorder":3170},{"id":2519,"name":"威虎","firstletter":"W","seriesstate":20,"seriesorder":3171},{"id":3881,"name":"小老虎","firstletter":"X","seriesstate":20,"seriesorder":3172},{"id":2850,"name":"无限","firstletter":"W","seriesstate":40,"seriesorder":3178},{"id":627,"name":"无限V3","firstletter":"W","seriesstate":40,"seriesorder":3179},{"id":2081,"name":"无限V5","firstletter":"W","seriesstate":40,"seriesorder":3180},{"id":2143,"name":"无限V7","firstletter":"W","seriesstate":40,"seriesorder":3181},{"id":2522,"name":"昌铃","firstletter":"C","seriesstate":40,"seriesorder":3182},{"id":2613,"name":"旗舰A9","firstletter":"Q","seriesstate":40,"seriesorder":3183},{"id":3215,"name":"威虎G3","firstletter":"W","seriesstate":40,"seriesorder":3184}]}]}}