{"returncode":0,"message":"成功","result":{"factoryitems":[{"id":141,"name":"猎豹汽车","firstletter":"L","seriesitems":[{"id":4111,"name":"猎豹CS9","firstletter":"L","seriesstate":20,"seriesorder":1961},{"id":4428,"name":"猎豹CS9新能源","firstletter":"L","seriesstate":20,"seriesorder":1962},{"id":3472,"name":"猎豹CS10","firstletter":"L","seriesstate":20,"seriesorder":1963},{"id":961,"name":"黑金刚","firstletter":"H","seriesstate":20,"seriesorder":1964},{"id":3150,"name":"猎豹Q6","firstletter":"L","seriesstate":20,"seriesorder":1965},{"id":4126,"name":"猎豹CT7","firstletter":"L","seriesstate":20,"seriesorder":1966},{"id":706,"name":"飞腾","firstletter":"F","seriesstate":0,"seriesorder":1967},{"id":815,"name":"猎豹CS7","firstletter":"L","seriesstate":40,"seriesorder":1971},{"id":3124,"name":"飞腾C5","firstletter":"F","seriesstate":40,"seriesorder":1972},{"id":962,"name":"猎豹6481","firstletter":"L","seriesstate":40,"seriesorder":1973},{"id":569,"name":"猎豹CS6","firstletter":"L","seriesstate":40,"seriesorder":1974},{"id":568,"name":"骐菱","firstletter":"Q","seriesstate":40,"seriesorder":1975},{"id":2520,"name":"飞铃","firstletter":"F","seriesstate":40,"seriesorder":1976},{"id":2521,"name":"飞扬","firstletter":"F","seriesstate":40,"seriesorder":1977},{"id":3034,"name":"猎豹CT5","firstletter":"L","seriesstate":40,"seriesorder":1978}]}]}}