{"returncode":0,"message":"成功","result":{"factoryitems":[{"id":177,"name":"昌河汽车","firstletter":"C","seriesitems":[{"id":4488,"name":"北斗星X5E","firstletter":"B","seriesstate":20,"seriesorder":633},{"id":3922,"name":"昌河Q25","firstletter":"C","seriesstate":20,"seriesorder":634},{"id":3980,"name":"昌河Q35","firstletter":"C","seriesstate":20,"seriesorder":635},{"id":4208,"name":"昌河M70","firstletter":"C","seriesstate":20,"seriesorder":636},{"id":2478,"name":"福瑞达","firstletter":"F","seriesstate":20,"seriesorder":637},{"id":3640,"name":"昌河M50","firstletter":"C","seriesstate":20,"seriesorder":638},{"id":3058,"name":"福运","firstletter":"F","seriesstate":20,"seriesorder":639},{"id":4141,"name":"福瑞达K21","firstletter":"F","seriesstate":20,"seriesorder":640},{"id":4142,"name":"福瑞达K22","firstletter":"F","seriesstate":20,"seriesorder":641},{"id":76,"name":"爱迪尔","firstletter":"A","seriesstate":40,"seriesorder":645}]}]}}