{"returncode":0,"message":"成功","result":{"factoryitems":[{"id":43,"name":"长安福特","firstletter":"C","seriesitems":[{"id":364,"name":"福克斯","firstletter":"F","seriesstate":20,"seriesorder":1179},{"id":3347,"name":"福睿斯","firstletter":"F","seriesstate":20,"seriesorder":1180},{"id":3693,"name":"金牛座","firstletter":"J","seriesstate":20,"seriesorder":1181},{"id":117,"name":"蒙迪欧","firstletter":"M","seriesstate":20,"seriesorder":1182},{"id":2871,"name":"翼搏","firstletter":"Y","seriesstate":20,"seriesorder":1183},{"id":2863,"name":"翼虎","firstletter":"Y","seriesstate":20,"seriesorder":1184},{"id":3615,"name":"锐界","firstletter":"R","seriesstate":20,"seriesorder":1185},{"id":659,"name":"嘉年华","firstletter":"J","seriesstate":40,"seriesorder":1187},{"id":577,"name":"蒙迪欧-致胜","firstletter":"M","seriesstate":40,"seriesorder":1188},{"id":3175,"name":"致胜","firstletter":"Z","seriesstate":40,"seriesorder":1189},{"id":498,"name":"麦柯斯","firstletter":"M","seriesstate":40,"seriesorder":1190}]},{"id":447,"name":"江铃福特","firstletter":"J","seriesitems":[{"id":3518,"name":"撼路者","firstletter":"H","seriesstate":20,"seriesorder":1191},{"id":3814,"name":"途睿欧","firstletter":"T","seriesstate":20,"seriesorder":1192},{"id":4192,"name":"全顺","firstletter":"Q","seriesstate":20,"seriesorder":1193},{"id":2524,"name":"新世代全顺","firstletter":"X","seriesstate":20,"seriesorder":1194},{"id":2523,"name":"经典全顺","firstletter":"J","seriesstate":40,"seriesorder":1195}]},{"id":61,"name":"福特(进口)","firstletter":"F","seriesitems":[{"id":912,"name":"C-MAX","firstletter":"C","seriesstate":10,"seriesorder":1196},{"id":378,"name":"福特GT","firstletter":"F","seriesstate":10,"seriesorder":1197},{"id":704,"name":"福克斯(进口)","firstletter":"F","seriesstate":20,"seriesorder":1198},{"id":2024,"name":"探险者","firstletter":"T","seriesstate":20,"seriesorder":1199},{"id":102,"name":"Mustang","firstletter":"M","seriesstate":20,"seriesorder":1200},{"id":2353,"name":"福特F-150","firstletter":"F","seriesstate":20,"seriesorder":1201},{"id":713,"name":"嘉年华(进口)","firstletter":"J","seriesstate":0,"seriesorder":1205},{"id":97,"name":"Kuga","firstletter":"K","seriesstate":0,"seriesorder":1212},{"id":684,"name":"锐界(进口)","firstletter":"R","seriesstate":0,"seriesorder":1215},{"id":2025,"name":"征服者","firstletter":"Z","seriesstate":0,"seriesorder":1217},{"id":2302,"name":"福特E350","firstletter":"F","seriesstate":0,"seriesorder":1225}]}]}}