{"returncode":0,"message":"成功","result":{"factoryitems":[{"id":154,"name":"力帆汽车","firstletter":"L","seriesitems":[{"id":4332,"name":"力帆330EV","firstletter":"L","seriesstate":20,"seriesorder":1929},{"id":4329,"name":"力帆620EV","firstletter":"L","seriesstate":20,"seriesorder":1930},{"id":3326,"name":"力帆820","firstletter":"L","seriesstate":20,"seriesorder":1931},{"id":3220,"name":"力帆X50","firstletter":"L","seriesstate":20,"seriesorder":1932},{"id":2134,"name":"力帆X60","firstletter":"L","seriesstate":20,"seriesorder":1933},{"id":3987,"name":"迈威","firstletter":"M","seriesstate":20,"seriesorder":1934},{"id":3759,"name":"力帆X80","firstletter":"L","seriesstate":20,"seriesorder":1935},{"id":4194,"name":"轩朗","firstletter":"X","seriesstate":20,"seriesorder":1936},{"id":2503,"name":"丰顺","firstletter":"F","seriesstate":20,"seriesorder":1937},{"id":2800,"name":"福顺","firstletter":"F","seriesstate":20,"seriesorder":1938},{"id":3631,"name":"乐途","firstletter":"L","seriesstate":20,"seriesorder":1939},{"id":2502,"name":"兴顺","firstletter":"X","seriesstate":20,"seriesorder":1940},{"id":3228,"name":"力帆T11","firstletter":"L","seriesstate":20,"seriesorder":1941},{"id":3229,"name":"力帆T21","firstletter":"L","seriesstate":20,"seriesorder":1942},{"id":597,"name":"力帆320","firstletter":"L","seriesstate":40,"seriesorder":1947},{"id":3082,"name":"力帆330","firstletter":"L","seriesstate":40,"seriesorder":1948},{"id":2957,"name":"力帆530","firstletter":"L","seriesstate":40,"seriesorder":1949},{"id":443,"name":"力帆520","firstletter":"L","seriesstate":40,"seriesorder":1950},{"id":596,"name":"力帆620","firstletter":"L","seriesstate":40,"seriesorder":1951},{"id":3083,"name":"力帆630","firstletter":"L","seriesstate":40,"seriesorder":1952},{"id":2312,"name":"力帆720","firstletter":"L","seriesstate":40,"seriesorder":1953}]}]}}