{"returncode":0,"message":"成功","result":{"factoryitems":[{"id":169,"name":"华晨金杯","firstletter":"H","seriesitems":[{"id":4294,"name":"金杯F50","firstletter":"J","seriesstate":20,"seriesorder":1642},{"id":2537,"name":"阁瑞斯","firstletter":"G","seriesstate":20,"seriesorder":1643},{"id":2545,"name":"金杯大海狮","firstletter":"J","seriesstate":20,"seriesorder":1644},{"id":2810,"name":"金杯海狮","firstletter":"J","seriesstate":20,"seriesorder":1645},{"id":4237,"name":"金杯快运","firstletter":"J","seriesstate":20,"seriesorder":1646},{"id":2402,"name":"金杯S50","firstletter":"J","seriesstate":40,"seriesorder":1647}]},{"id":409,"name":"华晨鑫源","firstletter":"H","seriesitems":[{"id":3763,"name":"华晨金杯750","firstletter":"H","seriesstate":20,"seriesorder":1648},{"id":3955,"name":"海狮X30L","firstletter":"H","seriesstate":20,"seriesorder":1649},{"id":2601,"name":"海星A7","firstletter":"H","seriesstate":20,"seriesorder":1650},{"id":2711,"name":"海星A9","firstletter":"H","seriesstate":20,"seriesorder":1651},{"id":3136,"name":"小海狮X30","firstletter":"X","seriesstate":20,"seriesorder":1652},{"id":2712,"name":"海星T20","firstletter":"H","seriesstate":20,"seriesorder":1653},{"id":2837,"name":"海星T22","firstletter":"H","seriesstate":20,"seriesorder":1654},{"id":3721,"name":"金杯T30","firstletter":"J","seriesstate":20,"seriesorder":1655},{"id":3722,"name":"金杯T32","firstletter":"J","seriesstate":20,"seriesorder":1656},{"id":4311,"name":"金杯T50","firstletter":"J","seriesstate":20,"seriesorder":1657},{"id":4312,"name":"金杯T52","firstletter":"J","seriesstate":20,"seriesorder":1658}]},{"id":417,"name":"绵阳金杯","firstletter":"M","seriesitems":[{"id":2325,"name":"智尚S30","firstletter":"Z","seriesstate":20,"seriesorder":1659},{"id":3898,"name":"智尚S35","firstletter":"Z","seriesstate":20,"seriesorder":1660},{"id":3515,"name":"金杯S70","firstletter":"J","seriesstate":20,"seriesorder":1661},{"id":3853,"name":"西部牛仔","firstletter":"X","seriesstate":20,"seriesorder":1662},{"id":3868,"name":"小金牛","firstletter":"X","seriesstate":20,"seriesorder":1663},{"id":2659,"name":"大力神","firstletter":"D","seriesstate":20,"seriesorder":1664},{"id":4076,"name":"大力神K5","firstletter":"D","seriesstate":20,"seriesorder":1665},{"id":2660,"name":"金典","firstletter":"J","seriesstate":20,"seriesorder":1666},{"id":2665,"name":"雷龙","firstletter":"L","seriesstate":20,"seriesorder":1667}]}]}}