{"returncode":0,"message":"成功","result":{"factoryitems":[{"id":170,"name":"江淮汽车","firstletter":"J","seriesitems":[{"id":4088,"name":"江淮iEV6E","firstletter":"J","seriesstate":20,"seriesorder":1564},{"id":3395,"name":"江淮iEV","firstletter":"J","seriesstate":20,"seriesorder":1565},{"id":616,"name":"和悦","firstletter":"H","seriesstate":20,"seriesorder":1566},{"id":3363,"name":"瑞风A60","firstletter":"R","seriesstate":20,"seriesorder":1567},{"id":4444,"name":"江淮iEV7S","firstletter":"J","seriesstate":20,"seriesorder":1568},{"id":3545,"name":"瑞风S2","firstletter":"R","seriesstate":20,"seriesorder":1569},{"id":4087,"name":"瑞风S2mini","firstletter":"R","seriesstate":20,"seriesorder":1570},{"id":3080,"name":"瑞风S3","firstletter":"R","seriesstate":20,"seriesorder":1571},{"id":2752,"name":"瑞风S5","firstletter":"R","seriesstate":20,"seriesorder":1572},{"id":4234,"name":"瑞风S7","firstletter":"R","seriesstate":20,"seriesorder":1573},{"id":3351,"name":"瑞风M3","firstletter":"R","seriesstate":20,"seriesorder":1574},{"id":4090,"name":"瑞风M4","firstletter":"R","seriesstate":20,"seriesorder":1575},{"id":2543,"name":"瑞风M5","firstletter":"R","seriesstate":20,"seriesorder":1576},{"id":3061,"name":"瑞风M6","firstletter":"R","seriesstate":20,"seriesorder":1577},{"id":3490,"name":"凌铃","firstletter":"L","seriesstate":20,"seriesorder":1578},{"id":2541,"name":"瑞风","firstletter":"R","seriesstate":20,"seriesorder":1579},{"id":2569,"name":"星锐","firstletter":"X","seriesstate":20,"seriesorder":1580},{"id":2581,"name":"瑞铃","firstletter":"R","seriesstate":20,"seriesorder":1581},{"id":3546,"name":"帅铃T6","firstletter":"S","seriesstate":20,"seriesorder":1582},{"id":3407,"name":"和悦A13","firstletter":"H","seriesstate":30,"seriesorder":1583},{"id":2956,"name":"和悦A30","firstletter":"H","seriesstate":30,"seriesorder":1584},{"id":3961,"name":"江淮iEV6S","firstletter":"J","seriesstate":30,"seriesorder":1585},{"id":828,"name":"悦悦","firstletter":"Y","seriesstate":40,"seriesorder":1599},{"id":3408,"name":"和悦A13RS","firstletter":"H","seriesstate":40,"seriesorder":1600},{"id":660,"name":"同悦","firstletter":"T","seriesstate":40,"seriesorder":1601},{"id":617,"name":"同悦RS","firstletter":"T","seriesstate":40,"seriesorder":1602},{"id":567,"name":"宾悦","firstletter":"B","seriesstate":40,"seriesorder":1603},{"id":572,"name":"瑞鹰","firstletter":"R","seriesstate":40,"seriesorder":1605},{"id":816,"name":"瑞风M2","firstletter":"R","seriesstate":40,"seriesorder":1606},{"id":3443,"name":"江淮K3","firstletter":"J","seriesstate":40,"seriesorder":1607},{"id":3444,"name":"江淮K5","firstletter":"J","seriesstate":40,"seriesorder":1608},{"id":3456,"name":"征途","firstletter":"Z","seriesstate":40,"seriesorder":1609}]}]}}