{"returncode":0,"message":"成功","result":{"factoryitems":[{"id":341,"name":"海马汽车","fiesorder":1383},{"id":3006,"name":"海马M6","firstletter":"H","seriesstate":20,"seriesorder":1384},{"id":4169,"name":"海马S5青春版","firstletter":"H","seriesstate":20,"seriesorder":1385},{"id":3214,"name":"海马S5","firstletter":"H","seriesstate":20,"seriesorder":1386},{"id":3162,"name":"福仕达腾达","firstletter":"F","seriesstate":20,"seriesorder":1387},{"id":3163,"name":"福仕达福卡","firstletter":"F","seriesstate":20,"seriesorder":1388},{"id":2318,"name":"海马爱尚","firstletter":"H","seriesstate":40,"seriesorder":1391},{"id":855,"name":"海马王子","firstletter":"H","seriesstate":40,"seriesorder":1392},{"id":3160,"name":"福仕达鸿达","firstletter":"F","seriesstate":40,"seriesorder":1396},{"id":2481,"name":"福仕达荣达","firstletter":"F","seriesstate":40,"seriesorder":1397}]},{"id":26,"name":"一汽海马","firstletter":"Y","seriesitems":[{"id":470,"name":"福美来","firstletter":"F","seriesstate":20,"seriesorder":1398},{"id":3075,"name":"海马S7","firstletter":"H","seriesstate":20,"seriesorder":1399},{"id":4525,"name":"福美来F7","firstletter":"F","seriesstate":20,"seriesorder":1400},{"id":4339,"name":"普力马EV","firstletter":"P","seriesstate":20,"seriesorder":1401},{"id":4205,"name":"福美来MPV","firstletter":"F","seriesstate":30,"seriesorder":1402},{"id":824,"name":"丘比特","firstletter":"Q","seriesstate":40,"seriesorder":1403},{"id":47,"name":"海福星","firstletter":"H","seriesstate":40,"seriesorder":1404},{"id":527,"name":"海马3","firstletter":"H","seriesstate":40,"seriesorder":1405},{"id":696,"name":"欢动","firstletter":"H","seriesstate":40,"seriesorder":1406},{"id":2766,"name":"海马M8","firstletter":"H","seriesstate":40,"seriesorder":1407},{"id":823,"name":"海马骑士","firstletter":"H","seriesstate":40,"seriesorder":1408},{"id":3994,"name":"海马V70","firstletter":"H","seriesstate":40,"seriesorder":1409},{"id":844,"name":"普力马","firstletter":"P","seriesstate":40,"seriesorder":1410}]}]}}irstletter":"H","seriesitems":[{"id":4459,"name":"海马爱尚EV","firstletter":"H","seriesstate":20,"seriesorder":1381},{"id":4156,"name":"海马@3","firstletter":"H","seriesstate":20,"seriesorder":1382},{"id":2941,"name":"海马M3","firstletter":"H","seriesstate":20,"ser
