{"returncode":0,"message":"成功","result":{"factoryitems":[{"id":158,"name":"陆风汽车","firstletter":"L","seriesitems":[{"id":4233,"name":"逍遥","firstletter":"X","seriesstate":10,"seriesorder":2053},{"id":4302,"name":"陆风X2","firstletter":"L","seriesstate":20,"seriesorder":2054},{"id":2883,"name":"陆风X5","firstletter":"L","seriesstate":20,"seriesorder":2055},{"id":3413,"name":"陆风X7","firstletter":"L","seriesstate":20,"seriesorder":2056},{"id":833,"name":"陆风X8","firstletter":"L","seriesstate":20,"seriesorder":2057},{"id":571,"name":"风华","firstletter":"F","seriesstate":40,"seriesorder":2058},{"id":501,"name":"陆风X6","firstletter":"L","seriesstate":40,"seriesorder":2059},{"id":635,"name":"陆风X9","firstletter":"L","seriesstate":40,"seriesorder":2060},{"id":468,"name":"风尚","firstletter":"F","seriesstate":40,"seriesorder":2061}]}]}}