{"returncode":0,"message":"成功","result":{"factoryitems":[{"id":180,"name":"北京克莱斯勒","firstletter":"B","seriesitems":[{"id":566,"name":"铂锐","firstletter":"B","seriesstate":40,"seriesorder":1772},{"id":487,"name":"克莱斯勒300C","firstletter":"K","seriesstate":40,"seriesorder":1773}]},{"id":51,"name":"东南汽车","firstletter":"D","seriesitems":[{"id":227,"name":"大捷龙","firstletter":"D","seriesstate":40,"seriesorder":1774}]},{"id":69,"name":"克莱斯勒(进口)","firstletter":"K","seriesitems":[{"id":4604,"name":"大捷龙PHEV(进口)","firstletter":"D","seriesstate":10,"seriesorder":1775},{"id":342,"name":"克莱斯勒300C(进口)","firstletter":"K","seriesstate":20,"seriesorder":1776},{"id":2207,"name":"大捷龙(进口)","firstletter":"D","seriesstate":20,"seriesorder":1777},{"id":380,"name":"PT 漫步者","firstletter":"P","seriesstate":40,"seriesorder":1786},{"id":222,"name":"交叉火力","firstletter":"J","seriesstate":40,"seriesorder":1790}]}]}}