{"returncode":0,"message":"成功","result":{"factoryitems":[{"id":171,"name":"众泰汽车","firstletter":"Z","seriesitems":[{"id":4417,"name":"众泰T500","firstletter":"Z","seriesstate":10,"seriesorder":3185},{"id":3575,"name":"云100","firstletter":"Y","seriesstate":20,"seriesorder":3186},{"id":3779,"name":"芝麻","firstletter":"Z","seriesstate":20,"seriesorder":3187},{"id":3529,"name":"众泰E200","firstletter":"Z","seriesstate":20,"seriesorder":3188},{"id":4371,"name":"众泰Z360","firstletter":"Z","seriesstate":20,"seriesorder":3189},{"id":4327,"name":"众泰Z500EV","firstletter":"Z","seriesstate":20,"seriesorder":3190},{"id":4317,"name":"众泰Z560","firstletter":"Z","seriesstate":20,"seriesorder":3191},{"id":3627,"name":"众泰Z700","firstletter":"Z","seriesstate":20,"seriesorder":3192},{"id":2333,"name":"众泰T300","firstletter":"Z","seriesstate":20,"seriesorder":3193},{"id":3793,"name":"大迈X5","firstletter":"D","seriesstate":20,"seriesorder":3194},{"id":3899,"name":"众泰SR7","firstletter":"Z","seriesstate":20,"seriesorder":3195},{"id":4092,"name":"大迈X7","firstletter":"D","seriesstate":20,"seriesorder":3196},{"id":4070,"name":"众泰SR9","firstletter":"Z","seriesstate":20,"seriesorder":3197},{"id":2334,"name":"众泰T600","firstletter":"Z","seriesstate":20,"seriesorder":3198},{"id":4385,"name":"众泰T600 Coupe","firstletter":"Z","seriesstate":20,"seriesorder":3199},{"id":3852,"name":"众泰T700","firstletter":"Z","seriesstate":20,"seriesorder":3200},{"id":2480,"name":"众泰V10","firstletter":"Z","seriesstate":20,"seriesorder":3201},{"id":708,"name":"众泰M300","firstletter":"Z","seriesstate":0,"seriesorder":3205},{"id":4038,"name":"江南T11","firstletter":"J","seriesstate":40,"seriesorder":3206},{"id":2230,"name":"江南TT","firstletter":"J","seriesstate":40,"seriesorder":3207},{"id":3002,"name":"众泰Z100","firstletter":"Z","seriesstate":40,"seriesorder":3208},{"id":2161,"name":"众泰Z200","firstletter":"Z","seriesstate":40,"seriesorder":3209},{"id":2171,"name":"众泰Z200HB","firstletter":"Z","seriesstate":40,"seriesorder":3210},{"id":2337,"name":"众泰Z300","firstletter":"Z","seriesstate":40,"seriesorder":3211},{"id":3425,"name":"众泰Z500","firstletter":"Z","seriesstate":40,"seriesorder":3212},{"id":558,"name":"众泰2008","firstletter":"Z","seriesstate":40,"seriesorder":3213},{"id":663,"name":"众泰5008","firstletter":"Z","seriesstate":40,"seriesorder":3214},{"id":2336,"name":"众泰T200","firstletter":"Z","seriesstate":40,"seriesorder":3215}]}]}}