{"returncode":0,"message":"成功","result":{"factoryitems":[{"id":10,"name":"一汽奔腾","firstletter":"Y","seriesitems":[{"id":3695,"name":"奔腾B30","firstletter":"B","seriesstate":20,"seriesorder":418},{"id":632,"name":"奔腾B50","firstletter":"B","seriesstate":20,"seriesorder":419},{"id":466,"name":"奔腾B70","firstletter":"B","seriesstate":20,"seriesorder":420},{"id":2310,"name":"奔腾B90","firstletter":"B","seriesstate":20,"seriesorder":421},{"id":4069,"name":"奔腾X40","firstletter":"B","seriesstate":20,"seriesorder":422},{"id":3000,"name":"奔腾X80","firstletter":"B","seriesstate":20,"seriesorder":423}]}]}}