{"returncode":0,"message":"成功","result":{"factoryitems":[{"id":188,"name":"福田汽车","firstletter":"F","seriesitems":[{"id":3676,"name":"风景V3","firstletter":"F","seriesstate":20,"seriesorder":1241},{"id":3821,"name":"风景V5","firstletter":"F","seriesstate":20,"seriesorder":1242},{"id":3440,"name":"风景G7","firstletter":"F","seriesstate":20,"seriesorder":1243},{"id":4035,"name":"风景G9","firstletter":"F","seriesstate":20,"seriesorder":1244},{"id":2535,"name":"福田风景","firstletter":"F","seriesstate":20,"seriesorder":1245},{"id":2542,"name":"蒙派克E","firstletter":"M","seriesstate":20,"seriesorder":1246},{"id":3089,"name":"蒙派克S","firstletter":"M","seriesstate":20,"seriesorder":1247},{"id":3735,"name":"图雅诺","firstletter":"T","seriesstate":20,"seriesorder":1248},{"id":4612,"name":"图雅诺EV","firstletter":"T","seriesstate":20,"seriesorder":1249},{"id":2579,"name":"萨普","firstletter":"S","seriesstate":20,"seriesorder":1250},{"id":661,"name":"迷迪","firstletter":"M","seriesstate":40,"seriesorder":1252}]}]}}